ID	English	Achagua	Yanesha'	Anauyá	Apurinã	Aruan	Asháninka	Xiriâna	Avane	Baniwa do Icana	Baré	Baure	Cabiyarí	Caquinte	Cariai	Chamicuro	Enawené-Nawé	Garifuna	Wayuu	Guinau	Ignaciano	Iñapari	Island Carib	Karutana	Kaishana	Kinikinao	Curripaco	Lokono	Machiguenga	Maipure	Manao	Mandahuaca	Machinere	Marawan	Maragua	Mariate	Mapidian-Mawayana	Mehináku	Nomatsiguenga	Palikúr	Paraujano	Parecís	Passe	Piapoco	Yine	Resígaro	Saraveca	Taino	Tariana	Terena	Trinitario	Wainuma	Wapishana	Araicu	Warekena	Warekena Velha	Waurá	Yavitero	Yawalapití	Yucuna	Jumana
Walker-2011-100-1	I	nuya	na	nu	nota	nuy	naro	nui	nuya	hnua	nu-ni, nũ	ntiʔ	ɲu	no	ni-wai	uʔti	nato	au[m] nuguya[f]	ta-ya	ndu	núti	nohá	nu-guia	nua	nuwa	uːndi	hnua	de	naro	nuya	nu	nu-yaha	no	nu-	nya	nu	nu	natu	naro	nah	te	natjwo	nu	núa	gita	n̥o	nato	nu, da-, daka	nuha	ûndi	nuti	nuu	ũgaɽɨ	u-nu	nuha	nuya	natu	nuya	natu	nuka	nɨ-te
Walker-2011-100-2	you	hiya	pja	hi	pita	pi	aviro	ɸi	piya	phia	bi-ni, bĩ	pitiʔ	phe	apiati	pi-wai	piʔti	hiʃu	amɨrɨ,  ban, hugίa, huguya, humá	pia	mbudu	píti	pisá	hu-guia	phia	pɨwa	iːti	phia	bi	βiro	piya	pi	hi-yaha	pi	pi-	pya	pɨː	ri	pitsu	obiro	pis	pia	hitso	pje	pía	pitja	phu, pha	itin	ti, bu-, uara’	piha	îti	piti	piy	pɨgaɽiɨ	u-pɨe	piha	piya	pitsu	hiya	tiʂu	pika	pɨ-la
Walker-2011-100-3	we	waya	ya	wa	ata	way	arori	wanabenari	waya	hwaː	wa-ni, wã	bitiʔ	whe	aːtiNpa	woi	aʔti	wiʃu	wagίa	wa-ya	waduːkani	βíti	ehé	wagia	wa	wɨwa	uːti	faː	we	aro	waya	wene	wa-yaha	hiya	wi-	wuya		wawɨ	aitsu	kiro	wis	we	witso	wela	wía	wija	faʔa [excl.], mouʔa [incl.]	avi	guakia, ua-, -wo	waha	ûti	witi	wa’a	waɨnau	u	wahenawi	waya	aitsu	waya	aʂu	weka	te-la
Walker-2011-100-4	this	liani [m],  ɻuani [f]	anj	masareni	ɨ-je		yoka	nahi	eni	hɻie(hẽ)	aɻi	tetʃ [m], titʃ [f]	yari	irika		aneʔye	eɾe	le, to	tʃia	auhu	maka [fala m.], ɲika [fala f.]	tʃaá(ma)	tua		cai ima, neh hej	enepone	thiaha	lihi	yoka	ia[m], yaya[f], are-pina 		aniha	tɨkɨpimalɨ		ihehi		ti’a	ɨʂɨ	ikwa	ner [m], ini[n], ner[f]	tʃi	eʃe		yái	tje	giʔi		zi	hane	ra	tetʃ		ɖiwɨɽaː, wɨɽɨː		nihiadi kadeka	eni	ɨʐɨ	ini	iɾi [m], itiɾa [f]	kele	
Walker-2011-100-5	that	liaʔa [m], ɻuaʔa [f]	tjaʐ	iraha,aki,maːta	ɨ-kara	ay, yuake	era	aɻahi	eya	hɻieta(hã)	asaha/ensa	ten[m], tin[f]	yaːta	iriNta		maʃala		lira	tʃia	dʒuahe	hena [inan.] , maena [homem, fala m], suna [mulher], ɲiɲa[homem, fala f.]	waʔahéri	tura		peta, ʃama	enepone	naːthe	lira	yonta	naya, (aki)-ya, wid	eruti, nela	eteha			akirahi,latz, abɨkeɲhi		arura’ra	ʂãhã	inta	ner	ʃira	hatjwo	puhlari	yáde	tuhra	giʔihite	enenaiɲa	zi, tika	hane	neko	ten	tʃiy	tawɨɽɨ	ilekali	nihiadi kati	eta	ʐa, kala	ita	iɾu [m], iɾutiɾa [f]	ile	
Walker-2011-100-6	what?	tanaa	esoʼt		ke-pa		paita	jáɨ, jama	dali	kua	abaeɻi	kon	mikha	taː			deːta	ka, katei	kasa wayu		táhaʔa	haí(ra)	kaka		napa, -hi, hɨkama	kuti	kukapha	ana	tata	iti	kapa-	kaniatire	tɨhirɨ		ka-,ai- ya-		ka	atsa	pairo	pariye	keetɨ	ʃoare		kàiná	klɨ	heʔe, heʔeː, koːni		ka	kwaka	kuti	ta(h)a		kan(um) ɖiː		kaki	iʃi	kaitsa	meli	kanauka	na	
Walker-2011-100-7	who?	tanaa	eseʃaʼt		ke-rɨ-pa		hanika	jaɨ, jama	iʂi	kua	ne	kon  	mikha	taː		naʔʃanana	deːta	ka,katei, kabaʔ [future]	haɾai ya		náhaʔa	hawá(ra)	kata		napa, -hi, hɨkama	kuija	kuakahlia	alikan	tjani	iti	kapa-	kaniapa	tɨhirɨ		ka-,ai- ya-		ka	atsa	atini	pariye	heere	ʃala		kàiná	katɨ	keːni, keheː,koʔigi		ka	kwana	kuti	naha		kan(um) ɖiː		kaki	iʃi	kaitsa	haripeiahe	kanauka	na	
Walker-2011-100-8	not	ma-, hoːkai	ama  [+..-o no verbo]		kona		tee	ma-, mainda	ma, ya	ɲame, ma-	hena	nka	ma-, uka	teː	makauː	kala	maːla	mama	nnoho	aihau	waʔi	aa	ma-		ma-, -dunuma, iju, enuminɨ, neiza, aineɲ	akɔ	kuri	kho	tera	ma-, nuka-, maka-	mee, mehe	haapa		ka-oka	-mepe, ma-	kwirɨ	masɨ	aitsawa	teni	ka-	-oe, no	ma-	ma-, mary	kámi	gike	niː	matʃa	ua	ma-...-kade	haina	woʔi	tʃama, huikah, ka-	auna	hɨnka,ei, titi	nale	ya-	aitsa	uama	atsa	unka..... -la	meyu, meiho
Walker-2011-100-9	all	ke(i)ninama	aljowen		ɨkɨɲipe	mak	maːroni	cubɨ	paːyalu	phiume	waɻa	tek	puʔti	maːsano	payapamu	tiliʃika		sun, súngubei	hɨ-pɨʃuaaľeeya	mbaxkaːda	mutu	puʔã́́ã́tʃi	su-gubai		alenumakari, sɨmasami,lo(u)wa(ma), jalaɨwagwaihe	hɔu	padeːniri	haɽan	magatiro [inan.], imirinka [m], magniro [an.]	ununa	sabage	make:ri					mekenu	mamala	omagaro	madikte	hikiko	inihatjaka		kanánama	psolɨko	pheʔeto [inan.], paʔahnu [anim.]		kis, man	thui	uhja	mutu	umani	ipai		besa	payalu	-tɨpe	huľ̥iana	mani	piyukeha	kukumɨ
Walker-2011-100-10	many	itʃabai, bahialai	ʃonteʼ	omuru	itoɲi-		aritanki	kanaibari, kitare	akuna	manupe, aima, hanipa, huɻe	ibabuku	maly	umːra	oʃeki	ke-ena	maʔʃa	akote	bandi	mainma	kedeha	kamuri	hitumári	gibe		palehĩ	eno	hure	yohon	tiwaini	ebakiri	ulila	hawada:li			kabeary	atapuɨ, ekurɨ-neikene	reeːanu	amunija	agabeni	ka aynsima	kaaya	hitsoaka	polayu	mádekaná	gitjo	an̥epuːʔ	kavi hitʃe	tocheta, teketa	hanupe	tapuia	komuri	ata(h)puy	iɽib	lakuini, waliyana	palima	ʃupe	pahawɨ	banimi	utuna	ikiʔine	yaɨolɨ, kena
Walker-2011-100-11	one	aʔaba-	patjeʐ	ahiari	(h)ãt-ɨ	auseyre	aparo	a-….-rini	apeːya	aːpa	bakũ-nakaɻi	po	yawa	aparo	nyoi	palaka	hetayti, kaʃita	aban	wane	abamedʃa, pareita	étana	paatʃi	abana	aphetsa	pela, pellɨmɨ	pɔhuti	apadanali	aba	patiro [inan.], paniro [an.]	pakiata	panimu	hetiha	sati	pabere, paxa	ukwaʃumu, ukwadiu	apa-kerɨ	aboyɲa	pawitsa	paniro [anim.], patiro [inan.]	pahat	mane	hatita	apeala	abé	satɨphe	sagu, patophe	atia	heketi, heketi	paːda	póhja	etona	(h)apa-kery	baɨdaʔap	atelu	apabasa	peya	pãwã	hasiana	pawa	ina	aphɨla
Walker-2011-100-12	two	tʃama	epa	mahorene	epi	dekurama	apite	kɨɻa....’a	enaba	dzama(da)	biku-nama	api	tʃuma	mariti	pɨsairama	maʔpohta		biama	piama	abiamaka, jamika	apina	hepí	biama	madahli	pedahe, petolo, petahima	piatʃɔ	dzahme	bian	piteni [an.], piteti [inan.]	akinume, pina	pyarakuma	hatamenaka	hapi-ri	tsalie, yana	muʃamu, mudjama	metʃema	adaka	mipijama	piteni [anim.], piteti [inan.]	pitana	piyomu	hinama	pakeama	putʃáiba	gepi	migaːku	iɲama	yamoka,yamoka	ɲamada	piʔa	apina	matʃa(h)ma, matʃami	ɖiaʔɨtam	puyabana	damatasa	enaba	mepĩjãwã	tsinaha	pur̥iɲama	yama	biama
Walker-2011-100-13	big	maːnu	ataʐ		mita-	reyate	antearo	nɨɻɨ, kuturɨ	ʂutsi	hanipa, maka-, manu-	kumarehe	tʃonok	mataka, manuʔu		marinawi	ʂohta	akotiri	lueirin, wéiriti, wéiritu	mɨľeu	bahaoko	itʃape	ɨrɨ́rɨ	usiri	mahneri	mare-hĩ	hana’iti	maniri	ɸiron	imarane [m], omarane [f]	aubari	panumala	a:hẽhã	tʃitsɨ-ri	nafede	wasu-i	eku-rɨ	tawere	weke	ikibe	nopsad	youghe	kalore	mare	manuíri	tsrɨ	-kobu, 	eza-yare	ma, wabu, ba-, bana	hamite	hana	ʔtʃoperiʔi	mataka, manu’u	tɨbaɽɨʔu	marepɨe	manubali	ʃutʃi	weke	iluwali-hi	utuna	ɲopoʔohlo	katʃuyuyu
Walker-2011-100-14	long	matʃeːni	aljpotʃaʼpj		õtano-		tsantsa	kanabitsarɨ	balede	maka-, manu-	haɻabi	pero	wia	katsaNtsa	kɨiki	plawa	waha	dururutu, migife, migifeti, migifetu, miginaguti, miginagutu	mɨľeu	apiaoko	tiuki	tenurí	mutʃipeti		ljema-zi,hitihaɲe,gia auia	eiewɔti	yaːpi	wadin	igatsantsani	-pi	ketɨkoteː	amehikali			witakuru-i	pyatʃ-rɨ	kɨ’ure	awapa	igibentsa	kiyabwad	you	wahahare	yenayu	káaléeri	rowɨknɨ	dʒidʒaʔaːmi	ma-ʃaretʃetoe		wjakite	seleléheti	siku	wia	ɖawɨaʔu	atiepalo	yapisi	balede	awapa	alutuhi	uhapa	waphereni	yepiu
Walker-2011-100-15	small	piːtu, huːbi	anjetolj		ɰaʃe-	dey	orihani	cubi	tsuite-li,ʂiani	yapi, haɻipa	aweheti	 tiʔ	karitʃhũĩ	tʃaa	nɨkɨkuritʃu, amtʃiani	naʔyehtʃoma	kiʃiʃi	liraɨgua, ɲɨraɨti	motsa-yɨ-i	ahedʒidju, aihua	ánitʃitʃa	isísi	niorao	tiaʃepi	bitu, balɨza	kali	tsuːdali	basaban	itjomiani, tsepekini [an.], tserepekiti [inan.]	-isi	tayamala, kɨawisiko	a:tʃidiha	itsɨrɨ	nekane	yrebeta jakahe, itubuta	itʃimai	ʃidjidjare	ahãtãi	itiomihani	nopsesa	yeddiga	kirane		atʃúméeri	mtɨrɨ	oːdʒadʒaʔ, iːvedʒaʔ	nikare-tʃani	nigua, -na, kiri	tsuite	kali	ʔtʃiʔtʃu	karitʃhũĩ	ɖɨsuɖɨʔu	otoso, rianʒolo, atisa	duhwili	aɻrɻu, tsutu	ahãtãĩ	witasimahi	paɾitʃiɾi	kamuʔuhini	mauiyapɨ, tʃuɲɨala,tʃuyula
Walker-2011-100-16	woman	iːnetuː	koyaneʃaʼ [fala masc.]	inanai	sɨto	itunalo, eiʃakal	tsinane	akinawɨ, -tsɨnawɨ	neːyawa	ina(ɻu)	hiɲatʃati	eton	nanawi	tsinani	henitaki	molota	uhiɾu	wɨri [M], hiɲaruɲu [F]	wayuu hieɾi	henau. Apahoko	esena	awɨtú	iaru	inaru	picowala	sɛ̃ɛ̃nɔ	inaro	hiaro	tsinane	tinioki, -anitu	itunalo	ina:lutʃa	sitiu	tino 	nu-runo,asiumihu	inana	rɨnaru	tɨneʂu	tsinane	tino	ɲerɨka	ohiro	lawenamɨ	inanái	sɨtjo	inaːdo	akunetʃu	inari, hiáru	inaɾu	sêno	ʔseno	inaru	ʐɨn		ynaibu	neyawa	tɨneʐu	laľ̥inemi	inu	inanaru	yabuju, ʃupuyu
Walker-2011-100-17	man	waʃialikua-iɻi	aʃenjoʐ	henari	kɨkɨ	ateinai	ahiranpari	waituranawɨ	enami	aːtsia, atsinaɻi	heɲaɻi	hir	tiyare		hamati	yelna	ena	wɨgɨri [M], eyeri [F]	wayuu tooľo	heːnale, apaheu	ahaira	ehɨ́	eieri	atʃinali	tsina	hɔjeno	atsinale	kakɨthi	ʃirontentsi	kayarikini	irinali,	aʒinahe	yeʃi	 awaire	tewun, adɨjumihu	puyne,atsitsana	asɨna	enɨʂa	sɨrari	awayg	eitʃirn	ena	tʃiwani	asìali	yinerɨ	atsaːgi	etʃeena	guaxeri, iro,eieri, -heri, bahari	tʃiãɾi	hójeno	oʔjono	atziitʃari, atʃijari, atʃitʃiri	ɖaunaiuɽ	etialo	asinale	enami	enɨʐa	enami	ɨɾina	atʃiɲa	ayɨva, ásia, ayɨɨva
Walker-2011-100-18	child	ʃamalita	tʃeʃaʼ	yanenaui	ama-, hêke-		hananeki		iluber	enipe	hantitʃɻe	montʃi	iritʃuwi		imuki, emetakɨ	meploneye	diɲwa	feelá, gɨrigia, mutu	hintɨi	emi	amuya	maháwɨ́tʃi	niankeili	mapeni	kaikana	kaliwɔnɔ	haːpe	ibili	ananeki	tumeteki	koreneka	ki:rahe:re	notereni	awairi	otai	keretʃerɨ		jamukuhĩ	haneki	bakimni		ʃoima	ykeakje	sùmài	mtɨrɨ	dʒaːnu	imiaetsani	guali, rahu [children]	emite	kaliwôno	ʔmoyo	apairhairy	kuɽaiɖiaunaː	etoboa, enkite	kitape	ʃiani	jamukutai	lihani	jumɨľɨ	toʔohma	mianu, haioha
Walker-2011-100-19	fish	kubai	kak	undrimani	ʃima-kɨ		ahima	wɨnɨtsɨ	ʂime	kuphe	kubati	him	uleʔe		rɨeko	awatʃi	kohase	úduraɨ, aɲuguni, adίaha, asiriwiha, haba	hime	kaːdʒepe, ontsaha	hima	himá	aoto	kuphe	ɲakari	hɔɔε	kuphe	hime	ʃima	timaki	paykisiki	kuhe	ʃima	pontar	eme	ytza	kuwɨ	kupatɨ	sima	im	cɨr	kohatse	kuhoby	kubái	ʃima	amoːgi	hoʃahe	ikan, anana, guaba	kupha	hjo	himo	idʒa,heitʃa	kupaɨn	ime	kupha	ʃime	kupatɨ	kuhasi	kupati	hiɲa	kupe
Walker-2011-100-20	bird	miʃidu	otj		kotɨperekɨ	kudeitale	tsimeri	kutɨɻaɨ	utsipie, yuːwe	kepiɻa, tsika, wiiphiaɻu, kepireni	tʃabati	aren	kuʔpira	tsimerite		tʃisti		dunuru	wutʃi	kurupiu	káyure	amehɨrɨ́	tonolu	tʃiba	parena	ʃɔhɔpenɔ	tsiːka	kodibio	tsimeri	siu		se:se	kositʃi	turumne	kimpu, iribizi	kupiraʔapha	kuɨʃɨas	kupɨʂatɨ	tsimiri	kuphira	kodibio	kotehala	sepata	màsibèe	koʃitʃi	koʔpiːdu	ahihi	bogiael	kepi	hóʔopeno	koyre	kupirinany, kupyire, isibeni	kutɨʔɨʐɨ		wiba	utʃipie	kuhupɨʐatɨ	nili	puʃiu	kupiraʔapha	yupae, onɨakphɨ
Walker-2011-100-21	dog	auli	otʃek	oniminau	anãpa(narɨ)	dini	otsiti	awatsɨ	tsinu	tsiːnu	tʃinu	kobeʔ	tʃaːwi	ʃiːʃi	akurana	maʔnali		ounli	eɾɨ	koaːʒi, kwaʃi	tamuku	awé	auli	tʃinu	ei, ɨji, azarae	tomiuku	tsiːno	kakiro	kantankitʃa	auri, yawa	akurana	tʃi:nu	kawe	peolo	nunira, itueri	tʃubɨ, inari	yimada	awajalukuma	otsiti	pewru	yeri	katʃolo		áuli	kewe	iːni	ʃiʃare	kuchis, aon	tʃinu	sînji	paku	tʃabi	aɽimaɽaka	itʃino	tʃinu	tʃinu	awaulukumã	kuaili	wajuluku	yawi	yama
Walker-2011-100-22	louse	witeːniʃi	olj	tuida	nipa-		netsi	-nia	tsuida	t̼uwida	tuid’a	inok	niː	iri		nihpa		hiɲein	mapɨi	ʒiweːda	iɲeti	hapáti	ie	tuida	napí	ana	tuida	ithi	netsi			tsuida	sepretʃi		njohɨ		nni	netei	netsi	yet	wabuye	ni		kùlibàu	ʃeptʃi	netetsihiʔo	inehe	haiaba [pulga], hiriwawo, nagua	kawhaneɾi	njâti	nit		nai		tʃuida	tsuida	-neetse	nit	ɲɨ	inehi	
Walker-2011-100-23	tree	aikuba	tsatʃ	ada	ãː-mɨna	adamana	intʃato	atamɨna	aːtapi	haiku	ada	ewokoeʔ	ahaʔa	tʃaki	atamina	tʃenaʔto	atajɾa	tίdibu wewe	wunuʔu-ľia	ndauma, tamon-hiha	yukuki	haámɨna	arabu	haiku	akusu	tʃikɔti	haiko	ada	intʃato	aː	ata	a:da	hahãmĩna	paaktexa, inaipaa	ugwaʃukuna, ada	rinike	atʃamina	ata	antʃato	ah	hiki	atja	kenolega	kawía	gagmɨna	avaːnaʔe	ata	awa, maca, yabisi, ara	haiku	tikôti	ykuɣi	apa(h)na	atamɨn	aːta	heku	atapi	ata	ata	aata	aʔawana	awana
Walker-2011-100-24	seed	-imi	pueʼljomeɾ		-kɨ	euko	oitsoki	-ɨdaɨ, kɨasɨ	ina	-eːkhe, -ihrji	iti	soki	ihi	oitsoki		ihki	esse	abu, ilaɨ	waye	damunabuku	taki	anahɨrɨ́	tii		kymikana, sɨmi	ake	liːʃi	iwi	okitsoki	-tinaka	-iko		aso		usi		r-ɨsu	ɨtɨ	ki	ayak	hɨh	etse		íimi	gihi	himiu	ese		dupe	áke	taɣira		ɨːɖaj	atibi	nihina	sinaha	ɨtɨ	isi-naha	itiɾikuti	ihihi	
Walker-2011-100-25	leaf	bainaː-ʃi	aʃpan	dabana	-tsopa, -ʃike		oʃi	-katɨ	tsape	-phe, panaphe	dabana	eponoeʔ	apana	oβana	atawa	tʃihpana	huinana	ubanaɨ	hi-pana	dabaːna	tapakahi	aɨrerí	bana	dzakape	tsuwala, abana	tuːti	liːphe	bana	itʃatoʃi		-ana	anape	kasirerɨ		ata-siby, -ziwi	aːpana	r-anaba	atapana	tsipana	apan/ahamna	ɨpuantih	ehana	apana	ibáiná	kasɨrerɨ	apanaʔaːmi, apanu	ataʃana	y	panaphe	tuthi	pokohi	aapana,apana(i)pahna	anaʔba	pwena	apanape	tʃape	atapana	hasi	atapana	witʃuʔupe	apunakpehe
Walker-2011-100-26	root	-iɻinaː, -hitʃu	pueɾetʂ		-kotsa		oparitsa	-tsetseɻe	tapali	-paɻi	id’uɻi	ekiton	apare		yiko	ihtiʃi		ίlagɨlaɨ	hu-ɾaľa	damunatsebe	tapare	atáperi	ilagora		-luaa, -ili, zapory	poi koʃe	lipali	ɨkɨra	pokintintsi		ɨeti, weti	iyi	katsɨkiri		uteba, udjumã	tʃeramɨ	rɨtʃabada	atatapa	opari	adug	haurɨrɨ	itjahare	egpapa	ipìtʃu	katskiri	tebake, teʔipi	hare	calichi, mini	sawi	poéhjewe	pore	maaba	itiʐban	Sali	yapali	tapaɻi	-tapa	iwinaha	atatapa	hiʔilahi	awinapa
Walker-2011-100-27	bark of tree	-imaʃi	paʼtalj		-tãta	mada	otaki	-taɨ(da)	mata	ipirera	id’a	etʃopi	-mami	naki		ihʂopa	etata	áwouha	hɨ-ta	damuna-ita	táumama	yáwítʃa	ula		arypoa, lalakana	motoke	liːke	adada	otaki		iwatiki	nu-ya:baru			n-idia		mada	ɨtata	omasi	amar	hundo	tjama		mami	gipata	daʔmi	tama	hehe	ja	moto	totʃohi	reema	maɖaj		yasi	mata	iʐata	kamulita	iɾata	aʔaruhi	
Walker-2011-100-28	skin	-manaː	ʐomats, yeʐom		-mata	mata	meʃina	-taɨ(da)	-mata	-ya	id’ahai	tʃom	-iaʔami, imahi	meʃina		ʂama	eõli	adɨɲɨgɨda, uraɨ	ta-ta	neːda	úmama	matʃáti	ula	ia	-ala	maːdoke	likutsi	ɨda	meʃinantsi		ita	nu-ya:baro	-sapi		n-idia		-mada	maĩ	masitsi	-mar	hundo, woto	militi		íimamisi	mtatʃi	eːmu, eːmamiːʔo	i-nihivia	kara, ura	ja	moto	ummo	-(ih)mami	maɖaj		yasi	mata	mãĩ	itamaka	maa	imaji	
Walker-2011-100-29	flesh/meat	-inaː	tʃetsots, yetʃets		ʃeɲi-	soː	watsa	-hɨtɨ, -tɨfɨ	mitsi	-iːpe	ditihi	enʃon	-iʔi			pekano	nete	ɨgɨrɨgɨ	te-ʔiɾuku	neːdenaha, netina	etʃe	ɨtʃití	orogoro		-in(h)a	naːum	liːphe	airoko	poʃiniri				hĩhĩte		uɲa, no-kabe	petuapɨmi	wĩ	nĩhiti	patsatsi	inti	hirukupa	eteti		iinasi	giitʃi	giʔi, piʃaːni [de animal]	e-teti	kai	pe	ijéu/nâum	etʃe	bimukui, -ahpimi	ɖɨnaj		itasi	mitʃi	hɨtai	mitsi	iti	iʔihi	n-ina
Walker-2011-100-30	blood	-iɻanaː	eʐaʃats, yeʐaʃ		(h)erẽka		raha	-hɨɻa(be)	-miya-ʂi	-iːɻanaː	hi	iti	-iʔira	raha	nu-tsaɲi	iila	tiɲolajti	hitaɨ	iʃaa	neːa, nuija	iti	ɨrááti	bitao		-tsakana, i-tse	iti	irana	ɨthɨ	irantisi		irati	nu-rami	tʃirali		n-isa, itahɨ	iraɨ	-kɨwɨde	ɨʂai	araatsi	migat	taya	itimalaʃa	tʃita	irái	grantʃi	-iːdu, -ido	ezo-dsane	moinlau, moin	ɾi	íti	itne	-ira	iʐaj	isso	ile	miaʃi	iʐai	miya	iʃa	rirami	nita, wyta
Walker-2011-100-31	bone	-yahideː	nopats	korokoroni	apɨ		tonki	naːbe	-ʂimapiye	-aːpi, -napi, -inapi	abihi	nop	-api	toNki		kahpu		abu, abun	hi-ipɨ	naːbe	yape	apɨtí	abu	napire	-pimi(hi)	hɔpεːti	inapi	aboraha	tonkitsi			yahi-ʒi					-kɨbɨ	napi	notoNi	apit	taibia	enahe		nuapi	gaptʃi	-aːpi	e-nahaʃe	magu’ey	ɲapi	ôpe	ʔjopeɣe	-pihrɨ	niwaʔɨ		yapisi	ʃimapie	-napɨ	ihiu	api	aphinahe	pina
Walker-2011-100-32	egg	-eːwi	paʼmeʼ		nakɨ		iitsoki	-wina	inena	-ehwe	tiniku	naʔ	-e:awhe	kitsite		welo	nesse	gaɲen	kaľina-ʃuku	-sene	warayuʔa	anahɨrɨ́	tii		tsupia, ai	xe’exa	liefe	ɨsa	gitsokintsi			dumalimire	tonaki		ehi		r-ɨde	initsai	igitso	antyan	hɨyuk	etseti		yéewési	ginahi	eːveu, eːve, eːvi	enehe		ewhe	koputoe	wraya	-eepi, -haepe	ɖanij		yawesi	inena	iitsai	inesi-naha	kɨhɨtʃi	ehwehi	
Walker-2011-100-33	fat/grease	-uwika	poʼʃeʼ		-ĩː		yeenka	-reke	ʂipa-ʂi	-iːt̼i, kepe	ikuɲehe	eskiap	-iʔiti			wuhsi		agulei, dibunei	ausiʃia		tauhewa	haĩréti	agole		ka-musekana	tʃikiʃina	litavana	khi	igeika			matʃipi	hĩmhĩ		iwiri	kersɨrɨ	r-ih	akapaki/umaku	kihitsi	-iy/iyti	kougdo	ekolotene		iséená	ringi	phedeːʔkatsi	sohuaetʃe	digo	si	ʃikiʃi	sina	kesi, kaesi	khiwinii		kaseri	tʃita	makui	mungu		hilaji	
Walker-2011-100-34	horn	tʃaɻeʃi	wokoɾ		iko		tseeki	-tiːɲi	katsu, tʃone	tsuwi	katsu	hiʔ				tʂepa		gantʃu	to-ʔuwa		tahiʔu	iwapáti	arigari		uwauhwy	sewerenɔ	tsuwi	tukua	itsei									jutai	tseitsi	-tuw		eʃotawa		itʃàle	gwatʃi	-iːvi, -henako-iːʔo	e-doaba	mucaro	sawi	ɨhi	hiʔu		uʐuu			katsune	-uta	katsu	jutawaiʂa	iʔiwawihi	
Walker-2011-100-35	tail	-iʃi	paʼʃmelʼ		-ʃipi		riʃi	-nibi	piʂi	-iːt̼ipi	hibihi	ihos	-tipi, muuku			wiʃi	inihu	ili	hɨ-si	liːbi	táihiki	ipití	ili		-(e)pɨ	ɨhi	liːtiphi	itoko	irisʃi			ʃihi-ʃi	sabão		uti, urri		tuna	inipiu	igisi	-ib	wɨyt	iniho		yàapusài	nsitʃi	-tshiːpi	niho	huibo	sipi	ɨhɨ	ihɣi		ɖiu		nisipi	piʃi	ĩʧu	hili	ir̥uti	hipiji	
Walker-2011-100-36	feather	-bai	etʃets, pueʼtʃ		-piti		viti	-kau	-pana, wituhi	iphe	itʃa	eʃiʃ	-tʃuma			pwaye		abɨrɨhagɨlei	ho-i		tahiyaʔa	mejɨ́ti	bana		pykana	kipahi	liːdzo	(ɨ)baɽa	iwanki	-ipana	idoʃi		kameçiri	nuti	hoty			ɨmapɨ	paNitisi	asipri/isiprit		taniti		ibáiná	piitji	-tsiːnahi	i-kanu		tʃa	iʃotapii	hiyoʔi		iʔɖi	itʃi	nidu	wikuhu, itʃipata, tanape	mapi	itsu	tana	tʃihnehi	aenuakpɨpuɨ
Walker-2011-100-37	hair	-wita bainaː	etʃets, yetʃ	-huisihin	-ʃike	-kwey	iʃi	-kiwici	-tsipana-ʂi	-tsikule	itʃhahai	tʃahahi	-tʃuma		nu-kɨni	ʃenu		ίdiburi	waľaʃi	niːtʃi	kawayu	pitʃití	idburi	tʃidape	wapela	tuːti	litsikole	(ɨ)baɽa	giʃi-tsi	-ipana	itʃi	-iwatiki		tser-nuti	hoty,hiti	sine	-ʃirama	tiwiʧahi	igisi	-semnu	ta-wala	etsekase	la-isa	ibáiná	gihiwɨ-tsa	-hiveʔdʒiːʔo, -tsiːnu, -hive, dʒiʔo	i-tihi	bari	tʃa	iʃeʔo	tʃutmoko	itzihi, ygtsy	ʐuaɨɖɨj  [cabelo de homem], ɖɨʐuj [de mulher]	nitʃi	hiwesi	tʃipana	tɨwɨʧahi	mau	mapi	wilahi	-lata, tso-lasa
Walker-2011-100-38	head	-wita	onjets, yonj	-huida	kɨwɨ	-kɨwe	tontsi	-kiwida	-bu-ʂi	-hiwida, -wide	dusia	poʔe	-hiwita	ɣita	satã	kaʃki		ábulugu, itʃɨgɨ, litʃɨgɨ	te-kii	intʃeue, intʃebu	tʃuti	hɨwɨ́ti	itsogo	iwida	-wa	tuːti hiko	liwida	(i)si	gito-tsi	-kibuku	-kɨna	i-wa	yiwetʃi	pi-tiwi	n-isiwy, oziwi	-bida	-kɨwɨ	tiwi	nagito	-tew	-ki	ekaijehe	la	nuíwita	jiwtʃi	-hiveu	no-heve	zumi, mu’, -si-	dhiwida	thuti	tʃuti	-bita, -bida	ʐuaɨ	ki	hiwesisi	ibu	tiwi	sihu	kuʃu	wilaʔaruhi	-la, tso-maʃuːmi
Walker-2011-100-39	ear	-wiba	etats, yet	-taʃihin	kẽpita	-ʃiɲaku	yampita	-cini(bati)	-tanipala-ʂi	-heːni, -eni	idatinihi	tʃokon	-uʔuwi	ɣeNpita	-kia	tʃayi		arigei	ta-tʃeʔe	ndaʃini, taʃini	tʃaka	tarúti	arigari	eni	-(V)ta	kεːnɔ	hlieːni	dike	gempitan-tsi	-akini	-teki	-uwi	hehipi	pi-taibi	n-etaky,-adekiɲ	-(w)ɨ, erikiu	-ʃĩdja	tuluĩ	nagemita	-taybi	ta-tʃoo	itinihe	ae	nuwi	heptʃi	-henako	nol	ariken	thi	kênjo	tʃoka	-by,-hui, -inaku, 	thaini	toki, taketu	uwisi	nutanipaɻa	-tulũ	tasine	tsɨr̥ɨ	iʔihwihi	-uhɨ, -hoe
Walker-2011-100-40	eye	-tui	koljoʼyets	-hinihahi	okɨ	-kɨn	oki	nau(kɨsaɨ)	-puli-ʂi	-thi, - ithiti	withi	kis	-thu	okiha	-kuniki	ohki	ɾose	agu	to-ʔu	nawiʃi	úkiʔa	ohɨ́ti	agu	thi	-(h)lu	ukε	lithi	kosi	okji-tsi	-puriki	kurite	-di	-wihali	pi-uti	n-akosy	-dui	r-oso	utɨtai	iroki	-wtyak	t-ou	eʃotse	tʃilo	nutuí	ygaltʃi	-in̥iu	no-he	ako, aku	wheni	uké	uɣʔa	-tuhi, -due, -tui	awɨn	n-oki	bhuisi	nupoɻi	-ujutai	huľ̥isi	uɾita	ihluhi	uhno, tsepɨna
Walker-2011-100-41	nose	-daku	maljantats	-hiri	kiri	-kiʃiɲa	irina	-kirina	-yapa-ʂi	-hitaku, -teka	ti	pasiri	-hitaku		-kɨti	kulu	ekayli	ίgiri	te-ʔitʃi	iʒiːbuna, intʃe	siri	hiríti	igiri	ituku	-ɨtuku	kiɾi	liːtako	siri	girimaʃin-tsi	-kiri	-kirina	-thaku	-ʃiri	pi-kiri	n-isiry, -izeri	-itaku	-tiba	kiɾi	nagetsi	-kig	t-eiyi	ikili	tʃitako	nuídaku	hritʃi	-hitako	nu-tʃepaku		thaku	kîri	siri	-ihtaku	iɖibay	n-iʃit	hitsakusi	yapa	-kitsi	siwi	tʃiʃi	takuhi	intʃiungeu, intʃoko
Walker-2011-100-42	mouth	-numa	namats, yenam	-numa	nama	-numa	paante	-dau(fau)	-numa-ʂi	-nuna	numa	noki	-numa	natso	-numa	awana	kana	iyumaɨ	te-anɨkɨ	nuːma, noma	haka	namáti	iuma	ma	-numa	pɔhɔ	linoma	ɽeroko	waganten-tsi	-numaku	-numa	-numa	-hɨmɨ	pi-biu	n-eomako, -idiumaku	-numa	-umidja	kanati	nobagante	-biy	t-ounaga	ekanase		nunùma	ginama	-no, pokoʔnoːmu	no-ʃiɲaku		numa	poho	haka	-nu(h)ma	ɖakuj	nu-rutko	numasi	numa,buapani	-kana-tɨ	numa	kaɲatsi	numahi	-uma, numa
Walker-2011-100-43	tooth	-e	aʃots, yaʃ	-ida	-tsirĩ		ahi	-ahɨ , heɨ	-aʂi-ʂi	-eːhtsa, -yai	ahai	ser	-ʔia	tʃaNtʃanahai	-aɨ	ahsi	ajkuliti	ari	ta-i	naːhẽ, nahe	aʔe	áĩti	ari	yai	-we	ɔnuε	liːai	ari	ai-tsi	-ati	-ai	-e	-hoihĩ	pa-ibun	n-atu, -atɨh	ai	-‘u	tewei	irai	-aybu	t-ai	aikoliti	ee	nuyéi	ygitʃi	-one	na-ikiri	ari, ari, ahi	e	ôewe	oʔe	-ahai, -aei	ɨʔɖakhu	nu-itʃi, nati	yesi	eʃi	-tsewe	eľ̥i	tsɨwɨ	aihi	nihi, niy
Walker-2011-100-44	tongue	-inaneː	njenjets	-nene	nɨnɨ		nene	ninimada	-tale-ʂi	-eːnene	neni	pen	-nenipa, -naka	nanene	-nene	menu	nẽnehe	iɲeɲein	ta-yee	neːni	nene	nenípati	yeye	inene	-nene	nεːnε	lienene	ɨye	nene-tsi	-are	-neta	-nene	-ri	pi-nene	n-iaya, -idjã	n-enepe	-yõyõba	neĩ	nanine	-nen	tʃenya	inini	tʃinene	nunène	nnɨtʃi	-eʔhehepe	no-niɲe		enene	nêne	nene	-nenepe, -mɨnaepe	ninubaj	ne-nepe	nenesi	talu	-nẽĩ	tate	ɲɨti	lenaji	nehna,nena
Walker-2011-100-45	nail	-ubawia	ʃetʃepats	-naba	saɰata	-ɨranau	ʃataki	-batɨ	-tsulawi-ʂi	-tsuta, -tsula, -tidze	haba	tip	-uʔupa		-pata	uʃto	ota	úbaraɨ	ta-patoʔu	nabaːwidja	hipaɲa	atʃáti	bara		-(u)pa(h)a	hiːpɔ	tsu	bada	ʃata-tsi	-poape	-ɲupata	-uhã			no-para 	ʃutabɨ		ɨhupa	ʃatatsi	-kihpuga	hiyi	enotja	pah	núuba	sewatʃi	-hiʔtavi	no-ʃauti		pada	hjipo	hipɲo	-ʃu(h)tabi	ʐiʔi	nikpia	peta	ʃulawi	-hupa	tsuľ̥awi	kapiɾata	huʔupahi	-pa
Walker-2011-100-46	foot	-iba	takats	-niti	-kiti	-kuraidateuko	iti	-kiti-da	-tsipala-ʂi	-hiːpa, -iːpa	isi	poih	-hiːpa, -abari	ɣititsi	-patina	kuhtu		ugudi	to-uui	nʒiːpe, intʃibe	íwape	hitʃípati	gudi	ipa	-(a)ɨla	hεːwε	hliːpa	kothi	giti-tsi	-kiː	-taa, -ki	-kulũhã	-hiti	i-kurgu-ti	n-itaba, -kuti	ipa	-ruba	kitsapai	nagiti	-kurku	ta-pat	ikitʃi	epata	nùabàli	hiitʃi	-hiːʔpu	huarakabi		ipama	hjêve	iype	-ipa-mi	kidibaj	kutʃi	jipasi	ulupe	kiitsapa-i	tsitsi	tʃiʂa	hiʔimahi	neɨ
Walker-2011-100-47	knee	-urui	ljokmets	-edoro	poto	kieure	yerito	-kicirida	-karuitale-ʂi	-(h)uːɻti, hrji	subukuri	tʃoβekos	-huru			meloʔti		igatʃɨrɨgɨ	ta-sapain	nuːdule, totoli	puyu	uhɨ́tʃati	gakorogo		-ɨsula	puːju	siʔpade	dakuruhi	gereton-tsi	-kumaraki, -tenipua	-taːu, apetu	-ũlũ	-suhi		no-buturu	siuta	-uruduru	ʧetui	nagerito	-ubor	t-aiyotro:eh	ekaoli		nùului	soʃitʃi	-hoʔdonau	e-kahuri	a-ukuru, o-koro	si	púju	puyusi	-tsyuta-tahky	khuʔuɽu	n-aiwiu	julubasi	nukuwaɻuitaɻe	ʧetu-i	situ	kipulu	iʔirupatʃihi	
Walker-2011-100-48	hand	-kaːhi	otats, yot	-kapi	ɰako	-ainau	ako	-kaɨda	-api-ʂi	-kaːpi	khabi	wohis	-kaːpi	natso	-kai	ʃihpa	weseko	úhabu	ta-hapɨ	nkabi	waʔu	muyúti	habu	kapi	-kapi	uɔnhun	likaːpi	khabo	ako-tsi	-kapi	-kaita	-kahi	-miu	pu-aku	no-kabe-suy, -kabɨ	kapɨ	-kɨba	wɨʃɨkui	ibako	-wak	-aapɨ	ekaho	kapi	nukáapi	miotʃi	-ke, kaphiːdo	no-ʃiɲaku		kapi	wóʔu	wupe	-k(j)aapi	kaʔɨj	nikabu	damenisi	apiwe	waʐɨku-i	kahahi	wiɾiku	yateʔelahi	kabi, kapi
Walker-2011-100-49	belly	-awai	kotmats	-dura	tikaka	-kire	tsomonte	-dudunɨ	-tsiabu-ʂi	-wawa, hyada, hrjada	d’uɻa	heki	-tere		-itʃaba	syeʔki	hitako	uragei	ta-ľeʔe	nduːra	huʔe	mitúti	ragai	wawa	-anapɨ	tʃuɾa	lisrada	te	motian-tsi	-ura, -ana,  -ɨba	-tula	-ehãhĩ	-sati		n-aty, -adi	kutu	-yika	hapajai	itsonia	-tun	-hyure	itjako	tʃiniutula	nudèe	gisatɨ	-iːʔʃau	e-tahaku		wawa	hurâe	tʃitʃaraʔi	-kuːtu, -katu	thuʔba	motsa	mutulu	tʃiapi, neni	-ulatapa	huwite	tʃitʃu	hulahi	nuhmutu,nuhmulu
Walker-2011-100-50	neck	-waa	tʂenopets	-ori	nokɨ	-eiwaru	tsano	-nubi	-inukuluapi-ʂi	-nuːɻu, -hweda	hnuni	pih	-kaɲapi		-pɨayura	ʂano	hĩɲu	igiinaɨ	ta-nuľu	numaːdʒi, mabi	pikenu	nupiti	igiina		-nutsu	anu	liːnruo	noro	tsano-tsi	-ini, -ayu, -atua	-nubi	-nuli	-hũhampwi		n-eoto, -ihutu	-nunape, -nuruna	-eːarewɨ	pijuĩ	notsono	-bita	t-ogoin	ihino	tʃinoto	nukanápi	noʃtʃi	-iɲotʃhi	nu-ʃiiɲu		inuɾu	ânu	piɣenu	-ruhrupi, -taky	kanaɨ	nono	bilaka kalusi	inupi	-pĩjũ	inu	r̥iɲu	nurupihi	larapuu, marpii
Walker-2011-100-51	breast	-ini	momoɾets	-dene	tenɨ		tsomi	-tɨnɨmada	-tsini-ʂi	-iːni, -inia	dini	ʃokoki	-yi			teni		aniguagu	ta-tʃiɾa	ndeːne, untoko	meme	tʃiniáwati	uri	kuda	-tsuutuni	iεnε	inia	(o)dlo	tsomi-tsi	-pɨtia	nu-tɨna, nu-tukune	-tʃiʃi	-tonɨtʃi		no-ty	niuna		ɨhɨ̃	otsomi	-hin	-yiri	etotone	tʃutʃu	uìni	tnɨtʃi	aːme, aːmio, -iʔnimu	e-ʃaratiʃ	too, towa	eni	ʃene	tʃene	-ene	ɖɨnɨj	niti	tʃitʃinisi	tʃini	-hɨ̃	tsini	tinaw tihi	ritʃuʔutʃure	nihi
Walker-2011-100-52	heart	-wowa	yotʂɾets		(h)ãkɨpe		sankane	-nikɨsaɨ	-neni-tuana-ʂi	-kaule	kabaɻe	etkoʔin	-kareta		-nekini	ahkeloki		anigi	ta-aʔin	iniʒini	samure	ahɨ́pati	anigi	kare	-(i) ɲahina	umintʃɔ	likaːle	loa	niga-kin-tsi	-nikini, -bia	-neki		-raʃi		n-apana, -kawari	babada	-kɨɲã	iwĩ	inarihine	-yakni	t-ein	emahijase	sawa	nuwàwa	rahi	-vafou	i-vihiɲe	i’ , nanichi	kale	omiʃone	samre	-pare	nyɨkhɨnɨɨ	yavani, nuvan	hasehnisi	nenituana	-ĩwĩtsi	huwite	kaɲɨtsi	wahwehi	neika
Walker-2011-100-53	liver	-tʃaːledeː	opanats		kɨtsɨne		natare	-ɻauna	-pane-ʂi	-hyupana, -kabale, hrjutana	kabaɻe	eperon	-upana	iraːpana		ohpana		ubanaɨ	ta-pana	jewaːna	úpana	upanáti	bana	ʃupana	-pene(he)	apakona	likavare	bana	iraapana-tsi			aːna	-ropãnã		ubana		-ʃuba	-panaĩ	nompana	-ban	-pana	tiacorite	opane	núubana	gopnatʃi	-opaːnu	e-taku-re		kaletana	apákana	topono	-phna, -ahpa	khɨʔbaa	bouhla	tuapanisi	nenituana, pane	nupanã	hane	nupana	panahi	
Walker-2011-100-54	to drink	-iɻa	oʐenjets	-ki	ãta	eita	ninero	kureta	-kulua-ʂi	-iːɻa, -zaka	iɻa	eri	-ira, kaila	miraga	nu-rukua	ilahpi	terá	ata, gurá, uninein	asa	leweta	era	rĩʔama	ata	iraka	-tsi	niNeti	irakheti	ɨthan	βiikan-gatsi		nu-tɨira	-ra	hɨre-rɨ	ilapa, irebene	pi-to, n-ita	ipitaka	ĩ-ukure-	nu-tuka-la	yogakaro	higap	hnooti	tera	nikte	nuiraka	gii-rɨ	-iʔdu			diɾa	orekati	ero	-ira	tɨʐan	neiratʃi	ilakasi	kulua	tuuka	liya	tuka	iʔirakahe	nita, oyta, uny
Walker-2011-100-55	to eat	-yá	ʐenjets	-wakari	ɲika	sapana	ayea	-nia	-e, na	-iːnhɲá, -iːhɲa	nika	nik	-tʃhá	ʃekah	nu-yakata	unukne	aniːni	amaduduha, eiga, hou	ekaa	mbetsetsa	nika	iniʔama	aige		hili,jahimu,hĩa, ɲa	nikɔti	ihniakheti	khoton	ga-gantsi	-eka-	wena aitʃa	-naha	niki-li	aisa, aiskar	p-eziuia, isiu, hemena, n-ituka	-ana-ka	ĩka	aĩʧa-pai	yapɨ	ax	a-ka	kanakaira	zunau	nuyáaka	naʃnew-lɨ	-aʔmitu, -ʃu [carne], -khu [fruta e coisas doces]	i-nihitʃa	imas, yamuy	ɲha	níko	niko	-tʃauu,tʃaba	aɽuap, nikan	penke	hyakasi	e	ãĩtya-	eɲa	tʃa	ahɲakahe	isaanawa, nyssawaha
Walker-2011-100-56	to bite	-amua	atʃenjets		katsata		natsikiri	-karuta	-mutsi-tata-ʂi	-hmua, -hwãã, -ihnua	kharuka	komorok	-amhe	atsikaga		ikeʃi	talokwene	ágɨragua	o-hot-ta-a		nihuraka	rapɨ́mári	ariga		ahimimhu, ama(kaa)	aranʒukua	ihnuakheti	rɨdɨn	tsika-gantsi				reskatuskaiwi		usabia		-awɨʃa	pahitsɨ	itsiakeri	kagah	orodi	tjaoloka		itʃikuádaka	gaka-lɨ	-em̥u		agorogua	whã	arúʃuko	niko		aru		hamukasi	mutʃita	taluka	tata	atʃa	ahmaʔakahe	
Walker-2011-100-57	to see	-kaba	entenjets		atama		inei	-haɸuta	-eːda-ʂi	-kapa	yada	hinok	-kha	neh		unisi		ariha	eɾa		ímaʔa	runáʔama	agoragua		-k(i)e-la, -(i)ka	nõ	ikapaketi	dɨkhɨn	nea-gantsi	-awa	pikimɨtapa, nukala	-kahana			kaunia, -eura	owamemu,-nuyke	ri-tʃika	ɨnupawɨ	iniakeri	hiya	teri	waija	-lo-pala	nuikáka	get-lɨ	-tsheni		-rikẽ	ka	noíʃo	imʔo	baruhakaga	tɨkpan	natka	ikakasi	pia, eda	epete	mita		amakahe	imkeaku
Walker-2011-100-58	to hear	-emi	wenjets		kemako-		noninatakeri	-kimita	-eda-yuʂana-ʂi	-hima, -himi	temuda	sompo	-heme	kemisa		ukeʔmi		aganba	apa		sama	ihamamá	agaba		-ima, kuti	goma	himaketi	kanaban	kema-gantsi	kaka		-hema	hinakopɨnɨ		n-ekemisahe, ukimiza	-rikiu	-rɨ-kɨnɨde	etemewɨ	ikemakeri	timap		tsema	soe	nuémìaka	hem-lɨ	-heʔum		-ã, -am-, kama, acondabo	dhima	kâmo	atsamo	-ɨhmapa	abatan	neyeka	hemakasi	neda	eteme	keheta	pɨtsɨmɨ	hemaʔakahe	muatʃa
Walker-2011-100-59	to know	-aleːna	enjotenjets		ɨmata		noite	-hafuta	-edatse-ʂi	-aːhnːe(iː)	kathehesa	tiri	-araɲu	tsa		uʔtale	sotene	asubudira, asubusira, subudi, subudihabu	atɨhaa		etʃa		akambaka		ekuoni	intʃa	aːhneketi	eithin	gota-gantsi	wia, sekakuni		-kenketa	rimɨtɨ		ni-kidia-hi		rɨ-rude	utatapɨ	igokeri	hiyak		waijore		núalíakawa	rumat-lɨ	-manaː-toʔ		guaroco, roco	jeka	eʃo	imoti		aitʃapan		konanikasi	tse	kieʒe	wita		weʔepikahe	
Walker-2011-100-60	to sleep	-maː	muenjets		ɨmaka	demaka	nomai	-tɨmaha	-tsima-ʂi	-maa, hrjumaː	dumaka	imok	-maː	-ma-	nu-tinaː	umaki	teokwa	arumuga	a-tunka-a	helekali	ímaka	rɨmɨʔáma	arumuga	maka	imakɨ(a)	mɔkɔti	maketi	donkon	maga-gantsi	-ima	watɨmaka	-imake		himekui	n-etemeka	maka	tõwe	humaka-pai	isamɨ	himak	ata-mite	nemaka	-imata	nuimáka	gimka-lɨ	-imu	i-tiemeka	arumuga	ma	imóko	imko	-makaha	ɖaʔawɨn	tinka	inakasi	tsima	hɨmaka	tsima	makuia	kamatakaho	nimaca, uymaca
Walker-2011-100-61	to die	maːnali	ʐomuenjets		ɨkɨ̃pe		kam	kaɻubetawa, maiwandarɨ	-wiyua-ʂi	maliume, mayami, dzaːmi	d’awika	epen	mikuː	metoh	nu-maiakata	wuʃeleʔti	wayni	hilá, ounwe	ou-ta-a	djaːmakase	épena	rɨpɨnáma	sue		t(a)ume	wa	dzaːmikhethi	odon	kama-gantsi	-mawa	wamatɨka	ikamakaʒi	hĩpãna-li		jukuna, -ʃuʃaniana	kitseːrɨ-baba,eitsɨarɨ-baba	mawd-ete	pahamaitsa	ikamake	miya	aɨkta-	waini		nuétákawa	gipna-lɨ	-kaineː-dʒu		[Dead=]operi’to	jami	vokovoti	epeno	katabe-ke, tziaba	maukan	maka	wiyukakasi	wiyuã	akama-	wiyua	kama	takaʔakahe	yepumi, syavakami
Walker-2011-100-62	to kill	-inua	mutsenjets		oka	naitai	noiri	-sɨmɨta	-ma-ʂi	-iːnu(a)	muduka	ikomorik	-nua	aɣa		waʂkalaʔti	iyyaka	áfara, áfaragua, áfaraha	outa ain-i	ndʒiːmalata	kapa	rɨnoʔámari	afara		(ɲ)aba(na)wei	isɔkɔti	inuaketi	ɸarin	ga-gantsi	(mia)kani		-wala			nidjuwaka		ukːduda	enuka-wa	yogɨri	umah	audidada	aitsa		nuétáidaka	giyla-lɨ	-kaineː-khu, 	i-vianikitene	bara, -kana	dinu	isu	kopako	-nua-ba	ʐuia		walakasi	yutʃia	akunuteʐɨta	ma	nu	nokaje	
Walker-2011-100-63	to swim	-amaɻa	patjenjets		noãte		namati	-tubuta	-nita-ʂi	-aːhyaː, -aːhna, -hiːɲaː, ahrjaː	ikhumid’a	haviak	-awapa			wasaʔti		áfuiha	ka-tɨna		awareka	ranoʔamá	afuiha		uikenuu	alaɔnkɔti	ahnaketi	thimin	maata-gantsi			-kuuntakewa			uruaka		tʃokwa	pɨtɨ̃ka	imaatanɨ	tarara	ougda	namazakue-one		numàlakawa	ganog-lɨ	-oʔvapu			ãhja	apakana	owreko		niuthan		kwintakasi	unita	etsuna	kuinta		iʔiwapakaje	
Walker-2011-100-64	to fly	-aɻa	anenjets		arã		yari	-haruta	-mitawa	-aːɻa, arja	haya	ar	-ara	ar		wasiski		áhamatʃa	awata		ara	rɨpɨruruʔama	ahamara		asɨa	ɔːti	aːraketi	morodon	ara-gantsi				hapalɨnɨ		umiruna		maré	alene	yarini	amara		ainakoa		yáalakawa	galna-lɨ	-adu			aɾa	ôo	oro		ʐɨʔɨ		yelakasi	mita	ala, ãitya	mita		ahakahe	
Walker-2011-100-65	to walk	-a, -hina	tʃopeʼtʃenjets		ajana	da anaul	nohate	-kua, -kuf	atsitsiwa-ʂi, -ʂawa	-aa, -(p)itu, -akawa	nuyuhadã	yon	-aː	kena		uʔyeʔti		apasuhani, ebeluhani	ouna		yana	yiapiráma	abuga		na-, mika, illa, pɨpɨaipe	ʃɔʔɔpεti	iːtoketi	osɨn	ata-gantsi	-takau	wena	-a	yaːn-ri		nu-kunanɨ, munaunɨ		suke	ewetunɨ	iake	wew	a-uma-	batʃijatja		nùakawa	ya-lɨ	-hiʔvu	iuna	há	emhani	jôno	yono	-a, -pina	makhun		ipinakasi	tapata	etsuna	heha	tsuka	iʔihnakahe	
Walker-2011-100-66	to come	-inu	wenjets		ɨna	figiai	nopokake	karaɸɨna, dɨta	-nu-pa-ʂi	-nu	kasa	pik	niraːni	korake	heika	uneni		dagá, higougu	anta	ʒikebi	kaʔepaipa	rɨ́nama	daga	nuka	napɨca, olla	kenɔʔɔkɔ	inokheti	andin	poka-gantsi	-nua	natsi kayititʃi	-winawa	tirpatɨ		waku nihã		yade-nu	putukene	ipoke	ayta	a-inta	tjwoa		nùakawa néese	gin-rɨ	-tsaʔnu	aʃena	guariko	nu	puhi	uteko	-tsa’(nu)	waʔatin		winakasi	yeleta, nupa	tua,pei	nuha	itinuapa	iphakahe	auoɨ
Walker-2011-100-67	to lie down	-kua, -ɻuwa	pjanenjets		ʃiri		noponai	-watawa, -tsabicawa	-tua	-kua, -ɻua, hrjua	tikuwa	hoʃpoe	-kuʔapu	ohoki		uʂolti		arounra, roun	otoľiɾa-waa		iβeka	rihuriapiráma	rav		saa	tunukuʃɔwɔti	isruaːkti	thoɽodon	soka-gantsi						-kɨbɨzumahi		tʃukude	halalakua	inariaka	dukugis	auleide	etolitsa		nukùakawa	rɨkɨg-la	-hepitakaː, -toʔmaːkaː 		guato	swa	tunukuʃovo	epahi	-hepitakaa(nu)	waʐti		kwasataka	yuluta	halalak-	hahita	pujukuta	toʔotakahe	
Walker-2011-100-68	to sit down	-wa	anenjets		jotapaka		nosaiki	ciba	ʂiwa-ʂi	-uːhwaː	yanuma	hirik	-tuʔna	saβi		ukoʔtʂomati	tokwa	aɲuura	aikaľa-waa		éhaka	tʃiparahári	niuru		-tauwi, tawia	iwatakoti	ofaketi	balɨtɨn	pirinita-gantsi	-sunua		hẽhũka			-kɨna-mainjhu		itade	pataka-pai	isobiake	bat	djododide	aokanikitsa		núawinakawa	tɨpla-lɨ	-itshu, -itʃhaka			wha	wata	ehako	-i’tshaka(nu)	sakantan		dajmitukasi	ʃia	pataka	hatsika	nuka	yaʔatakahe	
Walker-2011-100-69	to stand up	-baɻua	tjenjets		-tɨma		nokatia	-katɨma	-atsiawa-ʂi	-eːma, hiniku	kaduma	iʃom	-patʃhá			aʃti		ararama	aʃaʔwaľa-waa		étʃepuka	itʃimáma	rarama		tawanɨmɨ	kexepu	eːmaketi	dimanɨn	katig	-ʃieka		-ema			-muru-mainju, alubɨ		katʃɨmɨtʃe	hɨʂɨʂɨkata-pai	yarantiaki	tabira	todeide	titjoa		nukawàakawa	tɨnwata	-iʔtoɲ̥u			ĩta	ʃepuʔkoe	kotipiʔeko	-i’tonhu	sawatan		emakasi	atʃia	akãitsa	katsia	tutima		
Walker-2011-100-70	to give	-a	apuenjets	daka	sɨka		noperi	-daka, -taʔa	 nu-ta-ʂi	-aː	daka	po	-aː	okoh		woʔti	hani	ίtʃaagua, ίtʃaaha, ίtʃiga, ru	apa	-daka	íharaka	ipámari	itsiga	aka	-aa, -jemɨ	pɔɾεʃwa	aːketi	sikin	pa-gantsi	-taː	-taː	-wa	penek 		n-amba-hi		rɨ-tʃe-	nu-mukɨpiu	ipɨre	ik	dabih	itsa		nùaka	genek-lɨ	-aːʔni	no-ze-tahani	busika	pia	poré	ihroko	-ei	tan		hwakasi	ta	iʧeke, putamalu	ta	tiputi	aʔakaje	
Walker-2011-100-71	to say	-ma,-taːnia, -iwa,-ara, -aniwiteː	otenjets		tʃa	daka	nokanti	-tɨna	mana-ʂi, wayata	-kaite, aːku	tʃereka	kitʃ	-tʃarha	kaNt		uhtoki	hokwa	ariɲaga, ereNa, nege	maa		kaʔe	itináma	arega		wejwejt, neweta(ka)	tonoiti	kei	akan	kanta-gantsi	-ma, mayuke, -akɨhá	tinika		hipina		neteuriu		kara’utʃe	numa-wa	ikankeri	awna	oreide	neʃa		núumaka	tʃin-rɨ	-kemu	i-mema	áiem, ahiyaka, -hiya [to speak]	a	kôe	koʔe	-daʃa	khian		hyuwasi	ma, waya	ima	ma		kemakahe	
Walker-2011-100-72	sun	kaiwia	atsnje	kamuhu	atokatʃi	hamo	katsirinkaiteri	ketɨ	amuʂi	kamui, heeɻi	kamuhu	ses	eri	katsiri	kamui	moʔsohko	kame	weyu	kaʔi	gamuhu	satʃe	tuʔatí	weyeyu	kamui	ma(e)ri	kaʃε	kamui	hadali	poreatsiri	kie, kiepurig	kamui	gamu:wi	tɨkatʃi	kamui	kumetu, kumɨtɨ	kamui	kamu	kamɨ	paba	kamuw	kai, kei	kamai	ayuma	éeri	tkatʃi	haʔi, kami [verão]	kaame	guey	ehkwapite keɾi	káʃe	satʃe	kamu(h)i	kamuː	kuma	kamui	amuʃi	kamɨ	kamuľ̥i	kami	kamu	sima, semalu, tsimalo
Walker-2011-100-73	moon	keːɻi	aʐoɾ	ki	kasɨrɨ	hoes	kaʃiri	kɨɻɨ	aʂita	keːɻi	khi	kiher	keːri		kaisi	sokoli		hati	kaʃi	kewaːli	kahe	airɨ́	hati	keri	kesi	koheʔe	keːli	kathi	kaʃiri	keyapi	kairi	ke:ri	ksiri	kairi	waliawan, watːnjawi	keri	kɨsɨ	keʂɨ	mantʃakori	kayg	keitʃare	kaimare	kiʃi	kéeri	ksɨrɨ	keːgi	katʃe	karaya	depite keɾi	kohjêe	kohe	kaːɨ(h)ri	kaɨʐ	kairi	keli	asita	keʐɨ	keľ̥i	kɨɾi	keri	uaniu, uanyu
Walker-2011-100-74	star	ʃaːli	ɾanto		jõrɨkɨ		impokiro	hiwicw	wiminali	hiwihɻi	hwinadi	wakis	wiriɲu			katepulu	dorise	waruguma	ʃɨľiwaľa	juwinte	harairiki	atuhɨrɨ́	uaruauma	hiwiri	piritu	hεkεɾe	hiviʃi	wiwa	impokjiro	urupu	boibali	ewi:ne	katahĩːu	warukuman	ybiru, iwiru	ipitse	siwaru	kalũtɨ	honogasati	warukma	hatuge, hardua	ʃorese	kjetye	dùlupùta	katagiri	hiviːgi	eno-etʃe	uaruguma	walipeɾa	hjekere	hreeɣi	ibihitʃi, hipiitʃi	wiʐ	imiru	wili	wiminaɻi	kalũtɨ	wiwinaľ̥i	witʃitʃi	iwihri	oite
Walker-2011-100-75	water	ʃiatai	onj	uni	ĩporã	uni	niha	uːne	weːni	uːni	uni	in	uːni	niya		unihsa	oni	áturaguni, duna	wɨin	uːne	une	huní	tuna	uni	uwi	unε	oni	iniabo	nia	weni	unɨa	u:ni	hõnɨ	uni, oñe	uny, uni	uni	unɨ	unɨ	niha	un	win	one	owi	úni	giga	hoːni	une	ni, duna, -ne, -ni, xa-, guazabara	uːni	úne	une	une,uuhni, auny	wɨn	uni	uni	weni	unɨ	weni	u	huni	uhɨ
Walker-2011-100-76	rain	uːnia	oʼ	ianaui	ĩporã	une	inkani	hiːya	weːni	iːdza, iːya	hiya	sowon	uːni	mahani		keeni		áhuya	wɨnɨ	hiːjá		hiná	huia	idza	uwi	ukɔ	iːdza	oni	inkani	tia		u:ni	hina	uni	uny, uni		unɨ	unɨ	aNani	muwok	wiagha, haitɨ	enudati		unía	gina	faʔvoːtsi		áhuia [to rain]	ija	uko	tɣiwo		wɨnɨ		ida	weni	ija-ɣa	hawa	jatsu	kahruni	
Walker-2011-100-77	stone	iːba	mapueʼ	yaroko	kai	ohakau	mapi	ʒiːba, kibada	iːpa	hiːpada	tiba	kohiʔ	ʔiːpa	mapi	kɨpai	tʃena	sajɾi	atʃamuragua dɨbɨ	ipa	ʒiːba	mari	hutʃárĩãĩ	tebu	hipa	pala	maʔfoiʔe	hiːpada	siba	mapɨi	kipa	kɨa	ĩ:hã	sutili	kipa	koeba, kɨba	pisɨ	kɨba	tɨpa	mope	tip	ipah	tsehali	wary	íba	sotlɨ	viːʔʃiʔou	eheʃa	siba, siba	hipada	mopôi	mari	pisihae, pisiy	kɨba	itaki	ipa	ipa	tɨpa	siha	tiipa	hipa	tsepa
Walker-2011-100-78	sand	kaina	muenj		kɨpatʃi	hɨwa	impaneki	-biuna	yaːtsina	kaida	playa	kahap	kaʔa			maʂkohpe		aguyedagɨda, sagoun	hasai	kadiːʒi	tawaparu	hipɨ́tʃi	sakao		ka(h)i	maɾiːpa	kaidakua	mothoko	impanekji	kaina		kãhe	sati		kadɨbiãw		katʃi	kehɨpenu	omaniki	kayh	mo	kaiholo		kàina	ksatɨ pagi	koveːʔkoveʔdʐihu	hateʃe	si-	kaido	harîrine	tawoparu		khathɨ		kepe	yatʃina	kehɨpenu	kahatsina	kɨtsɨkɨ	keʔepe	
Walker-2011-100-79	ground/earth	kainabi	pats	kadi	ʃiti	poro	kipatsi	kacebe	yaːtsipe	hiːpai	khadi	poewok	taʔakari	kepatsi		tʂihta		barúa, múa	mmoo-ľuʔu	kaːde	mátehi	tʃií	mua	hipai	ipɨ	maɾiːpa, pɔkε	hiːpai	hoɽoɽo	kjipatsi	peni	eteː	kãhe	tʃihi	uaisali	katoe, kadɨ	ipai	ʃimari	kehɨ	kibatsi	anap	mmo, mogho	waikohe	pawaka	káli	tʃihi	hipohi. hihi	iʃihi	uku	ejawa	pokéʔe	motehi	ipai, gahau	imiʔi	kari	kepe	yatʃipe	kehɨtɨ	kahatsi	wɨpɨti	teʔeri	teke,leke
Walker-2011-100-80	cloud	ʃaːnai	oʃ		jaɲĩː	kakenau	menkori	maɻuma	enu	it̼amana	aeɻena	roeamokonoeʔ	taːmana, kewereakhe	mararo		polawaʔti		dúeri, kuloudu	siruma	kewahi, kaburiti	ukahi	tuẽ́	huariu		keparilapiima	kapasi	itamana	oɽaɽo	menkori	tamana		dokamari	kyatʃapekɨpɨ		melenɨuni		ekariritare, katire	unɨpe	miNori	ukuhne	hiramaga	kaiminiti		akalèe	kyatʃgapererɨ	iːtshu		furudi, aro	ijakuma	kapaʃi	ukohi		iʃaʔiʐi	melenɨuni	enu-pisa	seɻeɻi, witsi 	ijepe	liaľ̥i-lľ̥i enu	ijɨpɨ	huni huwakaʔala	
Walker-2011-100-81	smoke	iːʃa	amoʃ		-tʃĩjã		katʃaːri	-risa	ʂialili	iːt̼a	phuruku	kotiskon	ʔiːtari	poaː		kawsa	iʃima	seiri, sielu [SPANISH?], ubehu	sik-amɨsaľa	kebokowahi	kihare	tuẽ́	gumulali		kepari	kuruhoi	itamana	koɽeli	tsitsienka		siali	siali	tʃitʃipihɨ		kamidjahi		isesɨ	hɨka	katsiari	ayg	kamɨye	tʃimere		ísa	gipgya	iːtshu			isa	hurihoe	ɣhorepa		ʃa		alisi	kawyu, piwa	sĩjãlakĩ	liaľ̥i	ʃɨniɲa	iha	
Walker-2011-100-82	fire	tʃitsai	tsoʼ	rikari	ʃamɨ-na	disi	paːmari	tsatsɨ	aʂi	t̼idzeː, t̼iyeː	kameni	yaki	kira	noamarito		kahtʃi	erikeyti	agumulaha	siki	tʃeːke	yuka	tití	ilemo	tidze	icɨ	juku	tidze	ikhi	tsitsi	kati, katiriti	kɨkati	iʒiːde	tʃitʃi	tiketi	yrisy	itʃepa	ʃinari	itsei	pamari	tiket	tʃighe	initima	hekje	kitʃái	pawtʃi	okoniːgi, itsitso [lenha?]	tikai	kuyo, uato, guatu’	sjawa	júku	yuku	itiːepa	tikaʐ	ike	iside	aʃi	itsei	kaľ̥i	ʃɨ	hiya	oeye, oyeu
Walker-2011-100-83	ash	baːli	tsapuenj	baridi	serepi		samampo	maçida	palitsi	-wadzule, -paːli, -male, tidzepeni	baɻid’i	poʔip	paʔari			kahtʃihpe	õnihĩ	águduni, gudáɨ, watu, gemeti	paľiiʔi	mbaliːdi	tsimapa	ipúhúri	baligi	pati	puku	pou	limale	balisi	samanpo	mbalide		hali	tiʃipeni		buizi		ʃikaruba	hewe	somano	hew-ahewra	paiʔire	nehe		balìi	tʃitʃi pagi	okoniːgidʐihu			pali	pou	tsmapa		paɽitiʔi		isidesine	matimi	wehepe	haľ̥itsi	ʃɨwɨpɨ	paiʔila	
Walker-2011-100-84	to burn	-ema	aʼpoyenjets		ari(ka)		notakero	-waɻata, duhuhuta	-etawa	-ma, -hmaita, -himaita	ikhã	haro	-heːma	aNt		itʃehki		atʃurara	a-ʔa-ha-a		ihu	rɨmeáma	aguda		amɨmhãu, hamɨa	oropeʃati	imaitaːkheti	bitoan	taga		ipata		yotʃika				-wawada	nu-iʧata-la	ipokero	bukah	orotetse	kera		nuemáka	yotʃpik-lɨ	-aʔmu [intr.]			ha	mure	yustako		khaʔauʔɖan		menikakasi	etawa	usiʧa	hukua	puikat	karaʔakahe	
Walker-2011-100-85	path/road	inihiba	tjonj	tinabu	kimaporɨ		aotsi	-waɸu	tenepu	inipu, aːpuwa	dinabu	kaye	ayapu	kenaβokiro		ahtini	awwiti	émeri	wopu	tenaːbo	atʃene	hatʃiní	ema		eɲe(n)pu	ʃɛ̃ːnε	inipu	byna	aβotsi	anepu		e:nuhu	hatɨnɨ		diubu		dinu	apuwi	abatsi	ahin	wobuh	ahotita		àyapi	gatnɨ gapo	adʒapo, ehuːhi, adʒapu	ahuti		hinipu	ʃêene	ʔtʃene	idʒapu	ɖɨnap		anipu	epuna	ahɨnapu	tanehu	aʂiɲapu	iɲeʔepu	
Walker-2011-100-86	mountain	duːli	aʃpenetj	hadasi	sona		otisi	kiba	tawape, yapa	hidzapa, hiːpana	siyaba		marena,takari	otseNpi	kɨukinaitsi	iʂuhkulu	otay	webo	uutʃi	tsaːpa	simena	imapáha	webo		pine, cenuwasi	mopoe	awakada	hoɽoɽo	intʃatoʃi	yapa	mapapana	idãhã			atuku	ekutɨ	rɨnɨ	kehɨtɨkumã	ogitoha	waxi imuwad	utatʃi	tjairi	papuaka	manuíri dúli	magka	tebahu	uti	o, wito, huibo, oconuco, baino	hjapa	mapôi	ʔnuɣʔe mari	banangbiba	ɖɨkɨu	mabɨeti	idapa	yapa	kehɨtɨkuma	yaha	taputaputako	ehaʔawa	
Walker-2011-100-87	red	kiːɻa	tsamatj	mitsai	põkamare	oitatara	potsonaitaki	açu	iiːa-li	iːɻai, ihrjai	kiya-ni	moserokon	kiːra-ri	komatʃo	urutsi	tʃeewa	doːta	funati	iʃosɨ	kaːneoko	titsi	pomehári	funa	irai	tsaa-tsi	haɾaɾaʔiti	iːrai	koɽen	kjiraari	kayumeni, pita	poti	kiraːʒe	serolɨ	dorome	atokana, aluana	kera-karɨ	usare	mɨhɨ̃ʂa	kiraari	duwwe	jabagar	ʃotja	kityu	kíiraka	serolɨ	kedaviːʔ	nota-etʃe	riz, ita	iɾite	harara	titsi	kera-, kan-, ɨpuri	wɨʐaʔu	wulikata	kilali	ila	mɨhɨʐa	sitami	tiwiɾa	kerani	makola
Walker-2011-100-88	green	uleː	emmoʼɾateʼ		posẽtaka	ronole	kenaʃi		pure-li	hipule	kuri-ni	kotiskon	purê	eere	kikɨlereani	ihsuʔpa	huyra	bérɨde	wɨitɨ-sɨ	seboːleoko, tseworioko	βere	atutʃarí	uri-gi	hipule	pure-tsi, sipure	aɔitapu	hipule	kaɽao	saari	kirikini		boreʃo	polero		pura-y	ipune-rɨ, tʃaː-rɨ	tʃɨsare 	ipiula	kaniari	ayeweye		tihola	ʃiʃe	ipùléeri	polerɨ	ipogiʔ		warawa	hipolite	tono	heʔtʃu	makahai, hik-pule, rinabi	kuʔuɽiʔu	polimatsoʃo	opuleli	pule	atapana	sihutemi	ʃir̥ula	ipureni	sabureni
Walker-2011-100-89	yellow	meɻeki, miɻeki	ʃomaʃeɾ		posẽtaka		kiteriri	dawa	tewa-li	eːwa(dari)	witi-ni	yaskon	karawa-ri	kite	kɨtiani	kaʔtʃakamawa		amarίyu	maľoukatiɨ-sɨ	paledʒekewoko, kritoko	tyakaka	yuerurí	dimari	ewa	purua-tsi	kiteriri	eːwa	hehen	kjiteri	ewakini	tawa-ti	kira:ʒe	kureritʃë		alo-hy	aparye-rɨ	tʃɨsare 	weɾuja	kateriri	kuwikwiye		tʃikere		éewéeri	pwalolɨ	dogiːgaʔeʔ		caona	ewite	pasoka	yokko	epa-, -eba	khiɖaiʔu	tawkara	wisuli	tewaɻi	weɾuja	tewami		hewani	kiteia
Walker-2011-100-90	white	kabaːla	waljamatj		kasero-	torole	kitamarori	yuwa	ali-li	háːle	baɻi-ni	kotiʔkon	katare:i-ri		kɨputuri	kamalawa	ijjoma	haruti	kasu-to-ľu	paːleoko	tihapu	aapemári	haru	hale	kati-tsi	hapuʔiti	haːle	haɽiran	kɨtari	marikini	paliha-ti	ewa:ʒu	tɨlɨtɨritʃi	seine	wawy, wawɨka	aːre	kisere	hemi	katari	seyne		kamalo	sare	kabalèeri	klatalɨ	hefiːʔ	ocaraetʃe	yaka, yu’, guaco	halite	hjopuʔi	hopu	ariri, halery, itɨbi	baɽakaʔu	kalikata	aleli	ali	kisuwa	kahalihi	hipulula	hareni	saleiu
Walker-2011-100-91	black	katʃahula, kataːwakaʔbeː	keljue		pomama-	miku	potsitari	cai, cima	ʂere-li	iːt̼a	t’ai-ni	hamkon	kewere-ri		hamuti	kosewa	kia	wuriti	mɨtsia	kaweaheoko	tikisa	ahɨrɨ́	uri	hada	puwi-tsi, (a)pawi-	hehaʔiti	itaːdali	kharemen	potsitari	kurikini	pɨkɨli	daitʃu	saihira	pohiye	kury-hy, uriberu	tʃari-rɨ	udɨre	jalaki	tsitari	puhiye		kere	kesju	kúulíiri	ksahirɨ	tsaphoʔ		heiti, xey	kadite	hajʔ	siso	tʃaliry	puɖiɖi	kulikata	kabali	ʃele	jalaki	mumuhi	ʃialatʃi	kameni	tʃikaiu
Walker-2011-100-92	night	taːyebe	tsap	maːbale	ĩkanõka	yuaka	tsitenero	-kicaf, cima	yaʂapua	deːpi	hebiɲa	yotoer	niapi	tsitenin	pɨkɨtawi	tʃpolyaye	mikia	áriebu	hawai	heːbanamegalhi	yati	yáti	ariabu	deepi	lapi	ihɔti	deːpiriku	oɽika	tʃapiari	yati	yetila	damiawi	wetsiau		aty	izibakere	tɨboko’a	jejawa	tsitiniri	mtipka	ayip	ʃatini	keseyu	katá	goyetʃno	naːpi, tsaphoʔ	zahahi	ariabu	deːpi	joti	yoti	dapi(abe, zibakari, tai(j)a(h)abe)	aiwakaʔan	kulekaiku	kabama	yaʃapua	jijawa	yalina	ikunuakatʃi	lapi	ketseka, ualayekah
Walker-2011-100-93	warm/hot	amua	atseʐ		poːma	arikau	katsirinkaiteri	hayatari, -kamaɨtawa	ata, atehi	hamu	hamu	koipirokon	umʔu			tʃpelo	wata	hárati, háratu	haisɨ	kedaedaoko	tíhure	hamemári	hara	hamu	mahni, maɲɨ	kɔtuti	haːmu	wereben	katsirinkari			hatamida he:ri			hadamiha, adahi		ritʃa	kulata	katsiriNari	awahni	hoyu	watja		ùuléeri	gemerɨ	haʔmoʔ		zechom	hamu-peɾi	out	ihruromo	amu-iri	witʃaʐaʔu		manaku	anta, atehi	jãtaɣa	alahi	kulata	imaʔani	
Walker-2011-100-94	cold	kaʃali-ni	aʃoʃaɾetj		potsaja	ayualisu	katsi:nkatake	tsaɨ, betawa	awine, apatewali	hape	hamenia	tonokon	peʔe			meʔsawa	maka	gɨripe	samatɨ-sɨ	kabetseoku	tilasaraʔi	rɨyarénama	dili	hape	pe-hĩ, peɲɨ	kasati	hape	mimin	katsinkari			ĩhẽːrihe:ri	katsikili		amianu		rikaba	katɨka	katsiNari	kisepehe		tiha		kasalíníire	katʃiklerɨ	hiʔpiːʔ, taː	katʃingari	imizui, dili	hape-peɾi	asa	tummaʔoko	ipiri-ri	waɖiɖiʔu		kawini	awini, apate	katɨka	kawamini	katika	ipeʔeni	
Walker-2011-100-95	full	kaʃiamu	tʃoʐeʼ		katuma		haːka	ɸuri	pelu, wapeta	pakhame(i)	biũ	atʃkon	manuʔ, miyana			siila	kasewe	buinti, gálati, gálatu	wotu-ʃɨ		ínika	rayuʔáma	bui		lepĩĩmẽ	mataxowoti	pakanika	heben	ʃatekagantsi				ʃihanu					puɾitʃa-pai	ohaga	kivun	hadɨ	kaise		punínamáiri	katsepolɨ	potshiʔmo			kesama	ipúhiko	inko		phaiɖa		palima	atulapi	puritya	hukahi	utupa	puʔute	
Walker-2011-100-96	good	ʃaik, tʃunidai	kowenj		hareka		komeːtsa	djan(ɨ)da, hutu-	anetua	matsia	id’ua-ɻi	heno	tʃuni-ka	iNtsi		pewa	awwe	buiti	anasɨ	kazaːhaoko, karaha	tiuri	hawareharí	iroponti	matʃia	pume-hĩ, pupi-hĩ	unati	matsia	san	kameti	sonikaperi	sabi	wewakanaha nama:li	kihilɨrɨ		ila(-kuru-i)		wĩɲa	awɨʂɨ-pai	kaninari	kabay	hanaɨ	waije		kayábéeri	kiglerɨ	kaʃoʔ, hameːʔn̥aʔoː	uri	taino, car	matʃiːte	mbuka	tjuri	misa-re, ketaka, pahna	kaimanaʔu		yaleikuli	anetua	awɨʒɨ	yunihina	awiɾi	palani	
Walker-2011-100-97	new	waːli	etseʐa		ẽːito		iroakera	kimiɲarɨ	weniapa-li	wa(a)li	awiba	koton	wari			peswatalo		iseri, iseriti, iseretu	heke-tʃi		arairu	herutʃí	itʃerikeili		wokory	inamati	walidali	emelian	okjarira		nu-kuriba		makalihi				witʃakari	autsapaɾi	irirai	nukune	yirogho	waitare		wàlisàiri	mtɨrɨhi	beʔe			walite	inamati	ʔrahru		paʔiɲaʔu		walibe	weɲapaɻi	autsa	awemaľ̥i	autsa	wahe	
Walker-2011-100-98	round	makahku	apkometj		kapoko		montseina	ɸeɻuda	tsirui-hi	madzakahni, yaubuhle, matukheda	yawaburete	kotʃoporikon	kaːtha			naʔtepelehka	oko	gararati	ľakaya-ʃi		amairiki	apɨrorí	giriri		-terepukula, polosiensi	purabuika	iabuhle	balalan	kanurori	-iti, -iri, -ta					kamuruma-hi		aybɨbɨre	hejeteɾi	aromantarei	huwipatip		ehoko		màkapukuíre	poprololɨ	pavuːdu [como um tronco de madeira], papasi [como rodas, aros], pau [como uma bola]		bo	makaiobona	puiti	tʃioro		kaɖaʐɖaɨʔu		makapu kuli	tʃiɻueɻi	tari			makapukutʃini	
Walker-2011-100-99	dry	maːkara	poʐaʐeʼ		sonãka		pirihatahi	maha-da	ʂeʂe-li, amuʂiami	meːta	herumi	morokon	kaʔu, iwaa			poʃewa	ijju	amabeida	hososɨ	hazaːbeoko	áhi	puperímári	mabai	meta-	hwatsala, ewia-	mowoʔiti	metaːdali	wan	piriata			mayamaya wakali	pupiri		djana-hi		marbasɨ	uluhɨ	piriari	arapwiye	haradu:ɨ	ijo		tʃuíre	popriri	makadu			makaɾa	mowo	oohi	makararai	aɽaɖan		emuleli	ʃeʃe	uluhɨ	tsuheta	ahkamataku	makahreni	
Walker-2011-100-100	name	-hiʔina	ʃotʃnjets		(h)iɰãka		noahiro	-hɨ	iʂinali	-iːpitana	nahã	woiy	-iː	βairo		uhsi		iri, ίrida, wa	anɨľia	mbeːhe	íjare	ɨwáhatʃi	iri	ripitana	mana	ihae	lipitana	iri	wairontisi	-iti, -iri					-hina, -itina, -hikina		r-ɨrenka	-nupɨ-na	ihipahiro	-w		eneʃare		nuípidená	giwaktʃi	iːvu			pitana	ihe	ihare		ɨː		ipitahnasi	ʃina	-kupɨna	iliwanaha	kipina	iihi	
